file_id,class_id,class_name,noise_type,snr_db,clip_index,impulse_timestamps,n_impulses,noisy_path,clean_path
cls0_field_gen_50hz_snr-10dB_clip00_0000,0,stationary,field_gen_50hz,-10,0,[],0,data/defense_dataset\noisy\cls0_field_gen_50hz_snr-10dB_clip00_0000.wav,data/defense_dataset\clean\cls0_field_gen_50hz_snr-10dB_clip00_0000.wav
cls0_field_gen_50hz_snr-10dB_clip01_0001,0,stationary,field_gen_50hz,-10,1,[],0,data/defense_dataset\noisy\cls0_field_gen_50hz_snr-10dB_clip01_0001.wav,data/defense_dataset\clean\cls0_field_gen_50hz_snr-10dB_clip01_0001.wav
cls0_field_gen_50hz_snr-10dB_clip02_0002,0,stationary,field_gen_50hz,-10,2,[],0,data/defense_dataset\noisy\cls0_field_gen_50hz_snr-10dB_clip02_0002.wav,data/defense_dataset\clean\cls0_field_gen_50hz_snr-10dB_clip02_0002.wav
cls0_field_gen_50hz_snr-5dB_clip00_0003,0,stationary,field_gen_50hz,-5,0,[],0,data/defense_dataset\noisy\cls0_field_gen_50hz_snr-5dB_clip00_0003.wav,data/defense_dataset\clean\cls0_field_gen_50hz_snr-5dB_clip00_0003.wav
cls0_field_gen_50hz_snr-5dB_clip01_0004,0,stationary,field_gen_50hz,-5,1,[],0,data/defense_dataset\noisy\cls0_field_gen_50hz_snr-5dB_clip01_0004.wav,data/defense_dataset\clean\cls0_field_gen_50hz_snr-5dB_clip01_0004.wav
cls0_field_gen_50hz_snr-5dB_clip02_0005,0,stationary,field_gen_50hz,-5,2,[],0,data/defense_dataset\noisy\cls0_field_gen_50hz_snr-5dB_clip02_0005.wav,data/defense_dataset\clean\cls0_field_gen_50hz_snr-5dB_clip02_0005.wav
cls0_field_gen_50hz_snr+0dB_clip00_0006,0,stationary,field_gen_50hz,0,0,[],0,data/defense_dataset\noisy\cls0_field_gen_50hz_snr+0dB_clip00_0006.wav,data/defense_dataset\clean\cls0_field_gen_50hz_snr+0dB_clip00_0006.wav
cls0_field_gen_50hz_snr+0dB_clip01_0007,0,stationary,field_gen_50hz,0,1,[],0,data/defense_dataset\noisy\cls0_field_gen_50hz_snr+0dB_clip01_0007.wav,data/defense_dataset\clean\cls0_field_gen_50hz_snr+0dB_clip01_0007.wav
cls0_field_gen_50hz_snr+0dB_clip02_0008,0,stationary,field_gen_50hz,0,2,[],0,data/defense_dataset\noisy\cls0_field_gen_50hz_snr+0dB_clip02_0008.wav,data/defense_dataset\clean\cls0_field_gen_50hz_snr+0dB_clip02_0008.wav
cls0_field_gen_50hz_snr+5dB_clip00_0009,0,stationary,field_gen_50hz,5,0,[],0,data/defense_dataset\noisy\cls0_field_gen_50hz_snr+5dB_clip00_0009.wav,data/defense_dataset\clean\cls0_field_gen_50hz_snr+5dB_clip00_0009.wav
cls0_field_gen_50hz_snr+5dB_clip01_0010,0,stationary,field_gen_50hz,5,1,[],0,data/defense_dataset\noisy\cls0_field_gen_50hz_snr+5dB_clip01_0010.wav,data/defense_dataset\clean\cls0_field_gen_50hz_snr+5dB_clip01_0010.wav
cls0_field_gen_50hz_snr+5dB_clip02_0011,0,stationary,field_gen_50hz,5,2,[],0,data/defense_dataset\noisy\cls0_field_gen_50hz_snr+5dB_clip02_0011.wav,data/defense_dataset\clean\cls0_field_gen_50hz_snr+5dB_clip02_0011.wav
cls0_field_gen_50hz_snr+10dB_clip00_0012,0,stationary,field_gen_50hz,10,0,[],0,data/defense_dataset\noisy\cls0_field_gen_50hz_snr+10dB_clip00_0012.wav,data/defense_dataset\clean\cls0_field_gen_50hz_snr+10dB_clip00_0012.wav
cls0_field_gen_50hz_snr+10dB_clip01_0013,0,stationary,field_gen_50hz,10,1,[],0,data/defense_dataset\noisy\cls0_field_gen_50hz_snr+10dB_clip01_0013.wav,data/defense_dataset\clean\cls0_field_gen_50hz_snr+10dB_clip01_0013.wav
cls0_field_gen_50hz_snr+10dB_clip02_0014,0,stationary,field_gen_50hz,10,2,[],0,data/defense_dataset\noisy\cls0_field_gen_50hz_snr+10dB_clip02_0014.wav,data/defense_dataset\clean\cls0_field_gen_50hz_snr+10dB_clip02_0014.wav
cls0_field_gen_60hz_snr-10dB_clip00_0015,0,stationary,field_gen_60hz,-10,0,[],0,data/defense_dataset\noisy\cls0_field_gen_60hz_snr-10dB_clip00_0015.wav,data/defense_dataset\clean\cls0_field_gen_60hz_snr-10dB_clip00_0015.wav
cls0_field_gen_60hz_snr-10dB_clip01_0016,0,stationary,field_gen_60hz,-10,1,[],0,data/defense_dataset\noisy\cls0_field_gen_60hz_snr-10dB_clip01_0016.wav,data/defense_dataset\clean\cls0_field_gen_60hz_snr-10dB_clip01_0016.wav
cls0_field_gen_60hz_snr-10dB_clip02_0017,0,stationary,field_gen_60hz,-10,2,[],0,data/defense_dataset\noisy\cls0_field_gen_60hz_snr-10dB_clip02_0017.wav,data/defense_dataset\clean\cls0_field_gen_60hz_snr-10dB_clip02_0017.wav
cls0_field_gen_60hz_snr-5dB_clip00_0018,0,stationary,field_gen_60hz,-5,0,[],0,data/defense_dataset\noisy\cls0_field_gen_60hz_snr-5dB_clip00_0018.wav,data/defense_dataset\clean\cls0_field_gen_60hz_snr-5dB_clip00_0018.wav
cls0_field_gen_60hz_snr-5dB_clip01_0019,0,stationary,field_gen_60hz,-5,1,[],0,data/defense_dataset\noisy\cls0_field_gen_60hz_snr-5dB_clip01_0019.wav,data/defense_dataset\clean\cls0_field_gen_60hz_snr-5dB_clip01_0019.wav
cls0_field_gen_60hz_snr-5dB_clip02_0020,0,stationary,field_gen_60hz,-5,2,[],0,data/defense_dataset\noisy\cls0_field_gen_60hz_snr-5dB_clip02_0020.wav,data/defense_dataset\clean\cls0_field_gen_60hz_snr-5dB_clip02_0020.wav
cls0_field_gen_60hz_snr+0dB_clip00_0021,0,stationary,field_gen_60hz,0,0,[],0,data/defense_dataset\noisy\cls0_field_gen_60hz_snr+0dB_clip00_0021.wav,data/defense_dataset\clean\cls0_field_gen_60hz_snr+0dB_clip00_0021.wav
cls0_field_gen_60hz_snr+0dB_clip01_0022,0,stationary,field_gen_60hz,0,1,[],0,data/defense_dataset\noisy\cls0_field_gen_60hz_snr+0dB_clip01_0022.wav,data/defense_dataset\clean\cls0_field_gen_60hz_snr+0dB_clip01_0022.wav
cls0_field_gen_60hz_snr+0dB_clip02_0023,0,stationary,field_gen_60hz,0,2,[],0,data/defense_dataset\noisy\cls0_field_gen_60hz_snr+0dB_clip02_0023.wav,data/defense_dataset\clean\cls0_field_gen_60hz_snr+0dB_clip02_0023.wav
cls0_field_gen_60hz_snr+5dB_clip00_0024,0,stationary,field_gen_60hz,5,0,[],0,data/defense_dataset\noisy\cls0_field_gen_60hz_snr+5dB_clip00_0024.wav,data/defense_dataset\clean\cls0_field_gen_60hz_snr+5dB_clip00_0024.wav
cls0_field_gen_60hz_snr+5dB_clip01_0025,0,stationary,field_gen_60hz,5,1,[],0,data/defense_dataset\noisy\cls0_field_gen_60hz_snr+5dB_clip01_0025.wav,data/defense_dataset\clean\cls0_field_gen_60hz_snr+5dB_clip01_0025.wav
cls0_field_gen_60hz_snr+5dB_clip02_0026,0,stationary,field_gen_60hz,5,2,[],0,data/defense_dataset\noisy\cls0_field_gen_60hz_snr+5dB_clip02_0026.wav,data/defense_dataset\clean\cls0_field_gen_60hz_snr+5dB_clip02_0026.wav
cls0_field_gen_60hz_snr+10dB_clip00_0027,0,stationary,field_gen_60hz,10,0,[],0,data/defense_dataset\noisy\cls0_field_gen_60hz_snr+10dB_clip00_0027.wav,data/defense_dataset\clean\cls0_field_gen_60hz_snr+10dB_clip00_0027.wav
cls0_field_gen_60hz_snr+10dB_clip01_0028,0,stationary,field_gen_60hz,10,1,[],0,data/defense_dataset\noisy\cls0_field_gen_60hz_snr+10dB_clip01_0028.wav,data/defense_dataset\clean\cls0_field_gen_60hz_snr+10dB_clip01_0028.wav
cls0_field_gen_60hz_snr+10dB_clip02_0029,0,stationary,field_gen_60hz,10,2,[],0,data/defense_dataset\noisy\cls0_field_gen_60hz_snr+10dB_clip02_0029.wav,data/defense_dataset\clean\cls0_field_gen_60hz_snr+10dB_clip02_0029.wav
cls0_tank_diesel_snr-10dB_clip00_0030,0,stationary,tank_diesel,-10,0,[],0,data/defense_dataset\noisy\cls0_tank_diesel_snr-10dB_clip00_0030.wav,data/defense_dataset\clean\cls0_tank_diesel_snr-10dB_clip00_0030.wav
cls0_tank_diesel_snr-10dB_clip01_0031,0,stationary,tank_diesel,-10,1,[],0,data/defense_dataset\noisy\cls0_tank_diesel_snr-10dB_clip01_0031.wav,data/defense_dataset\clean\cls0_tank_diesel_snr-10dB_clip01_0031.wav
cls0_tank_diesel_snr-10dB_clip02_0032,0,stationary,tank_diesel,-10,2,[],0,data/defense_dataset\noisy\cls0_tank_diesel_snr-10dB_clip02_0032.wav,data/defense_dataset\clean\cls0_tank_diesel_snr-10dB_clip02_0032.wav
cls0_tank_diesel_snr-5dB_clip00_0033,0,stationary,tank_diesel,-5,0,[],0,data/defense_dataset\noisy\cls0_tank_diesel_snr-5dB_clip00_0033.wav,data/defense_dataset\clean\cls0_tank_diesel_snr-5dB_clip00_0033.wav
cls0_tank_diesel_snr-5dB_clip01_0034,0,stationary,tank_diesel,-5,1,[],0,data/defense_dataset\noisy\cls0_tank_diesel_snr-5dB_clip01_0034.wav,data/defense_dataset\clean\cls0_tank_diesel_snr-5dB_clip01_0034.wav
cls0_tank_diesel_snr-5dB_clip02_0035,0,stationary,tank_diesel,-5,2,[],0,data/defense_dataset\noisy\cls0_tank_diesel_snr-5dB_clip02_0035.wav,data/defense_dataset\clean\cls0_tank_diesel_snr-5dB_clip02_0035.wav
cls0_tank_diesel_snr+0dB_clip00_0036,0,stationary,tank_diesel,0,0,[],0,data/defense_dataset\noisy\cls0_tank_diesel_snr+0dB_clip00_0036.wav,data/defense_dataset\clean\cls0_tank_diesel_snr+0dB_clip00_0036.wav
cls0_tank_diesel_snr+0dB_clip01_0037,0,stationary,tank_diesel,0,1,[],0,data/defense_dataset\noisy\cls0_tank_diesel_snr+0dB_clip01_0037.wav,data/defense_dataset\clean\cls0_tank_diesel_snr+0dB_clip01_0037.wav
cls0_tank_diesel_snr+0dB_clip02_0038,0,stationary,tank_diesel,0,2,[],0,data/defense_dataset\noisy\cls0_tank_diesel_snr+0dB_clip02_0038.wav,data/defense_dataset\clean\cls0_tank_diesel_snr+0dB_clip02_0038.wav
cls0_tank_diesel_snr+5dB_clip00_0039,0,stationary,tank_diesel,5,0,[],0,data/defense_dataset\noisy\cls0_tank_diesel_snr+5dB_clip00_0039.wav,data/defense_dataset\clean\cls0_tank_diesel_snr+5dB_clip00_0039.wav
cls0_tank_diesel_snr+5dB_clip01_0040,0,stationary,tank_diesel,5,1,[],0,data/defense_dataset\noisy\cls0_tank_diesel_snr+5dB_clip01_0040.wav,data/defense_dataset\clean\cls0_tank_diesel_snr+5dB_clip01_0040.wav
cls0_tank_diesel_snr+5dB_clip02_0041,0,stationary,tank_diesel,5,2,[],0,data/defense_dataset\noisy\cls0_tank_diesel_snr+5dB_clip02_0041.wav,data/defense_dataset\clean\cls0_tank_diesel_snr+5dB_clip02_0041.wav
cls0_tank_diesel_snr+10dB_clip00_0042,0,stationary,tank_diesel,10,0,[],0,data/defense_dataset\noisy\cls0_tank_diesel_snr+10dB_clip00_0042.wav,data/defense_dataset\clean\cls0_tank_diesel_snr+10dB_clip00_0042.wav
cls0_tank_diesel_snr+10dB_clip01_0043,0,stationary,tank_diesel,10,1,[],0,data/defense_dataset\noisy\cls0_tank_diesel_snr+10dB_clip01_0043.wav,data/defense_dataset\clean\cls0_tank_diesel_snr+10dB_clip01_0043.wav
cls0_tank_diesel_snr+10dB_clip02_0044,0,stationary,tank_diesel,10,2,[],0,data/defense_dataset\noisy\cls0_tank_diesel_snr+10dB_clip02_0044.wav,data/defense_dataset\clean\cls0_tank_diesel_snr+10dB_clip02_0044.wav
cls0_drone_hum_snr-10dB_clip00_0045,0,stationary,drone_hum,-10,0,[],0,data/defense_dataset\noisy\cls0_drone_hum_snr-10dB_clip00_0045.wav,data/defense_dataset\clean\cls0_drone_hum_snr-10dB_clip00_0045.wav
cls0_drone_hum_snr-10dB_clip01_0046,0,stationary,drone_hum,-10,1,[],0,data/defense_dataset\noisy\cls0_drone_hum_snr-10dB_clip01_0046.wav,data/defense_dataset\clean\cls0_drone_hum_snr-10dB_clip01_0046.wav
cls0_drone_hum_snr-10dB_clip02_0047,0,stationary,drone_hum,-10,2,[],0,data/defense_dataset\noisy\cls0_drone_hum_snr-10dB_clip02_0047.wav,data/defense_dataset\clean\cls0_drone_hum_snr-10dB_clip02_0047.wav
cls0_drone_hum_snr-5dB_clip00_0048,0,stationary,drone_hum,-5,0,[],0,data/defense_dataset\noisy\cls0_drone_hum_snr-5dB_clip00_0048.wav,data/defense_dataset\clean\cls0_drone_hum_snr-5dB_clip00_0048.wav
cls0_drone_hum_snr-5dB_clip01_0049,0,stationary,drone_hum,-5,1,[],0,data/defense_dataset\noisy\cls0_drone_hum_snr-5dB_clip01_0049.wav,data/defense_dataset\clean\cls0_drone_hum_snr-5dB_clip01_0049.wav
cls0_drone_hum_snr-5dB_clip02_0050,0,stationary,drone_hum,-5,2,[],0,data/defense_dataset\noisy\cls0_drone_hum_snr-5dB_clip02_0050.wav,data/defense_dataset\clean\cls0_drone_hum_snr-5dB_clip02_0050.wav
cls0_drone_hum_snr+0dB_clip00_0051,0,stationary,drone_hum,0,0,[],0,data/defense_dataset\noisy\cls0_drone_hum_snr+0dB_clip00_0051.wav,data/defense_dataset\clean\cls0_drone_hum_snr+0dB_clip00_0051.wav
cls0_drone_hum_snr+0dB_clip01_0052,0,stationary,drone_hum,0,1,[],0,data/defense_dataset\noisy\cls0_drone_hum_snr+0dB_clip01_0052.wav,data/defense_dataset\clean\cls0_drone_hum_snr+0dB_clip01_0052.wav
cls0_drone_hum_snr+0dB_clip02_0053,0,stationary,drone_hum,0,2,[],0,data/defense_dataset\noisy\cls0_drone_hum_snr+0dB_clip02_0053.wav,data/defense_dataset\clean\cls0_drone_hum_snr+0dB_clip02_0053.wav
cls0_drone_hum_snr+5dB_clip00_0054,0,stationary,drone_hum,5,0,[],0,data/defense_dataset\noisy\cls0_drone_hum_snr+5dB_clip00_0054.wav,data/defense_dataset\clean\cls0_drone_hum_snr+5dB_clip00_0054.wav
cls0_drone_hum_snr+5dB_clip01_0055,0,stationary,drone_hum,5,1,[],0,data/defense_dataset\noisy\cls0_drone_hum_snr+5dB_clip01_0055.wav,data/defense_dataset\clean\cls0_drone_hum_snr+5dB_clip01_0055.wav
cls0_drone_hum_snr+5dB_clip02_0056,0,stationary,drone_hum,5,2,[],0,data/defense_dataset\noisy\cls0_drone_hum_snr+5dB_clip02_0056.wav,data/defense_dataset\clean\cls0_drone_hum_snr+5dB_clip02_0056.wav
cls0_drone_hum_snr+10dB_clip00_0057,0,stationary,drone_hum,10,0,[],0,data/defense_dataset\noisy\cls0_drone_hum_snr+10dB_clip00_0057.wav,data/defense_dataset\clean\cls0_drone_hum_snr+10dB_clip00_0057.wav
cls0_drone_hum_snr+10dB_clip01_0058,0,stationary,drone_hum,10,1,[],0,data/defense_dataset\noisy\cls0_drone_hum_snr+10dB_clip01_0058.wav,data/defense_dataset\clean\cls0_drone_hum_snr+10dB_clip01_0058.wav
cls0_drone_hum_snr+10dB_clip02_0059,0,stationary,drone_hum,10,2,[],0,data/defense_dataset\noisy\cls0_drone_hum_snr+10dB_clip02_0059.wav,data/defense_dataset\clean\cls0_drone_hum_snr+10dB_clip02_0059.wav
cls1_rotor_bpf_sweep_snr-10dB_clip00_0060,1,non_stationary,rotor_bpf_sweep,-10,0,[],0,data/defense_dataset\noisy\cls1_rotor_bpf_sweep_snr-10dB_clip00_0060.wav,data/defense_dataset\clean\cls1_rotor_bpf_sweep_snr-10dB_clip00_0060.wav
cls1_rotor_bpf_sweep_snr-10dB_clip01_0061,1,non_stationary,rotor_bpf_sweep,-10,1,[],0,data/defense_dataset\noisy\cls1_rotor_bpf_sweep_snr-10dB_clip01_0061.wav,data/defense_dataset\clean\cls1_rotor_bpf_sweep_snr-10dB_clip01_0061.wav
cls1_rotor_bpf_sweep_snr-10dB_clip02_0062,1,non_stationary,rotor_bpf_sweep,-10,2,[],0,data/defense_dataset\noisy\cls1_rotor_bpf_sweep_snr-10dB_clip02_0062.wav,data/defense_dataset\clean\cls1_rotor_bpf_sweep_snr-10dB_clip02_0062.wav
cls1_rotor_bpf_sweep_snr-5dB_clip00_0063,1,non_stationary,rotor_bpf_sweep,-5,0,[],0,data/defense_dataset\noisy\cls1_rotor_bpf_sweep_snr-5dB_clip00_0063.wav,data/defense_dataset\clean\cls1_rotor_bpf_sweep_snr-5dB_clip00_0063.wav
cls1_rotor_bpf_sweep_snr-5dB_clip01_0064,1,non_stationary,rotor_bpf_sweep,-5,1,[],0,data/defense_dataset\noisy\cls1_rotor_bpf_sweep_snr-5dB_clip01_0064.wav,data/defense_dataset\clean\cls1_rotor_bpf_sweep_snr-5dB_clip01_0064.wav
cls1_rotor_bpf_sweep_snr-5dB_clip02_0065,1,non_stationary,rotor_bpf_sweep,-5,2,[],0,data/defense_dataset\noisy\cls1_rotor_bpf_sweep_snr-5dB_clip02_0065.wav,data/defense_dataset\clean\cls1_rotor_bpf_sweep_snr-5dB_clip02_0065.wav
cls1_rotor_bpf_sweep_snr+0dB_clip00_0066,1,non_stationary,rotor_bpf_sweep,0,0,[],0,data/defense_dataset\noisy\cls1_rotor_bpf_sweep_snr+0dB_clip00_0066.wav,data/defense_dataset\clean\cls1_rotor_bpf_sweep_snr+0dB_clip00_0066.wav
cls1_rotor_bpf_sweep_snr+0dB_clip01_0067,1,non_stationary,rotor_bpf_sweep,0,1,[],0,data/defense_dataset\noisy\cls1_rotor_bpf_sweep_snr+0dB_clip01_0067.wav,data/defense_dataset\clean\cls1_rotor_bpf_sweep_snr+0dB_clip01_0067.wav
cls1_rotor_bpf_sweep_snr+0dB_clip02_0068,1,non_stationary,rotor_bpf_sweep,0,2,[],0,data/defense_dataset\noisy\cls1_rotor_bpf_sweep_snr+0dB_clip02_0068.wav,data/defense_dataset\clean\cls1_rotor_bpf_sweep_snr+0dB_clip02_0068.wav
cls1_rotor_bpf_sweep_snr+5dB_clip00_0069,1,non_stationary,rotor_bpf_sweep,5,0,[],0,data/defense_dataset\noisy\cls1_rotor_bpf_sweep_snr+5dB_clip00_0069.wav,data/defense_dataset\clean\cls1_rotor_bpf_sweep_snr+5dB_clip00_0069.wav
cls1_rotor_bpf_sweep_snr+5dB_clip01_0070,1,non_stationary,rotor_bpf_sweep,5,1,[],0,data/defense_dataset\noisy\cls1_rotor_bpf_sweep_snr+5dB_clip01_0070.wav,data/defense_dataset\clean\cls1_rotor_bpf_sweep_snr+5dB_clip01_0070.wav
cls1_rotor_bpf_sweep_snr+5dB_clip02_0071,1,non_stationary,rotor_bpf_sweep,5,2,[],0,data/defense_dataset\noisy\cls1_rotor_bpf_sweep_snr+5dB_clip02_0071.wav,data/defense_dataset\clean\cls1_rotor_bpf_sweep_snr+5dB_clip02_0071.wav
cls1_rotor_bpf_sweep_snr+10dB_clip00_0072,1,non_stationary,rotor_bpf_sweep,10,0,[],0,data/defense_dataset\noisy\cls1_rotor_bpf_sweep_snr+10dB_clip00_0072.wav,data/defense_dataset\clean\cls1_rotor_bpf_sweep_snr+10dB_clip00_0072.wav
cls1_rotor_bpf_sweep_snr+10dB_clip01_0073,1,non_stationary,rotor_bpf_sweep,10,1,[],0,data/defense_dataset\noisy\cls1_rotor_bpf_sweep_snr+10dB_clip01_0073.wav,data/defense_dataset\clean\cls1_rotor_bpf_sweep_snr+10dB_clip01_0073.wav
cls1_rotor_bpf_sweep_snr+10dB_clip02_0074,1,non_stationary,rotor_bpf_sweep,10,2,[],0,data/defense_dataset\noisy\cls1_rotor_bpf_sweep_snr+10dB_clip02_0074.wav,data/defense_dataset\clean\cls1_rotor_bpf_sweep_snr+10dB_clip02_0074.wav
cls1_siren_doppler_snr-10dB_clip00_0075,1,non_stationary,siren_doppler,-10,0,[],0,data/defense_dataset\noisy\cls1_siren_doppler_snr-10dB_clip00_0075.wav,data/defense_dataset\clean\cls1_siren_doppler_snr-10dB_clip00_0075.wav
cls1_siren_doppler_snr-10dB_clip01_0076,1,non_stationary,siren_doppler,-10,1,[],0,data/defense_dataset\noisy\cls1_siren_doppler_snr-10dB_clip01_0076.wav,data/defense_dataset\clean\cls1_siren_doppler_snr-10dB_clip01_0076.wav
cls1_siren_doppler_snr-10dB_clip02_0077,1,non_stationary,siren_doppler,-10,2,[],0,data/defense_dataset\noisy\cls1_siren_doppler_snr-10dB_clip02_0077.wav,data/defense_dataset\clean\cls1_siren_doppler_snr-10dB_clip02_0077.wav
cls1_siren_doppler_snr-5dB_clip00_0078,1,non_stationary,siren_doppler,-5,0,[],0,data/defense_dataset\noisy\cls1_siren_doppler_snr-5dB_clip00_0078.wav,data/defense_dataset\clean\cls1_siren_doppler_snr-5dB_clip00_0078.wav
cls1_siren_doppler_snr-5dB_clip01_0079,1,non_stationary,siren_doppler,-5,1,[],0,data/defense_dataset\noisy\cls1_siren_doppler_snr-5dB_clip01_0079.wav,data/defense_dataset\clean\cls1_siren_doppler_snr-5dB_clip01_0079.wav
cls1_siren_doppler_snr-5dB_clip02_0080,1,non_stationary,siren_doppler,-5,2,[],0,data/defense_dataset\noisy\cls1_siren_doppler_snr-5dB_clip02_0080.wav,data/defense_dataset\clean\cls1_siren_doppler_snr-5dB_clip02_0080.wav
cls1_siren_doppler_snr+0dB_clip00_0081,1,non_stationary,siren_doppler,0,0,[],0,data/defense_dataset\noisy\cls1_siren_doppler_snr+0dB_clip00_0081.wav,data/defense_dataset\clean\cls1_siren_doppler_snr+0dB_clip00_0081.wav
cls1_siren_doppler_snr+0dB_clip01_0082,1,non_stationary,siren_doppler,0,1,[],0,data/defense_dataset\noisy\cls1_siren_doppler_snr+0dB_clip01_0082.wav,data/defense_dataset\clean\cls1_siren_doppler_snr+0dB_clip01_0082.wav
cls1_siren_doppler_snr+0dB_clip02_0083,1,non_stationary,siren_doppler,0,2,[],0,data/defense_dataset\noisy\cls1_siren_doppler_snr+0dB_clip02_0083.wav,data/defense_dataset\clean\cls1_siren_doppler_snr+0dB_clip02_0083.wav
cls1_siren_doppler_snr+5dB_clip00_0084,1,non_stationary,siren_doppler,5,0,[],0,data/defense_dataset\noisy\cls1_siren_doppler_snr+5dB_clip00_0084.wav,data/defense_dataset\clean\cls1_siren_doppler_snr+5dB_clip00_0084.wav
cls1_siren_doppler_snr+5dB_clip01_0085,1,non_stationary,siren_doppler,5,1,[],0,data/defense_dataset\noisy\cls1_siren_doppler_snr+5dB_clip01_0085.wav,data/defense_dataset\clean\cls1_siren_doppler_snr+5dB_clip01_0085.wav
cls1_siren_doppler_snr+5dB_clip02_0086,1,non_stationary,siren_doppler,5,2,[],0,data/defense_dataset\noisy\cls1_siren_doppler_snr+5dB_clip02_0086.wav,data/defense_dataset\clean\cls1_siren_doppler_snr+5dB_clip02_0086.wav
cls1_siren_doppler_snr+10dB_clip00_0087,1,non_stationary,siren_doppler,10,0,[],0,data/defense_dataset\noisy\cls1_siren_doppler_snr+10dB_clip00_0087.wav,data/defense_dataset\clean\cls1_siren_doppler_snr+10dB_clip00_0087.wav
cls1_siren_doppler_snr+10dB_clip01_0088,1,non_stationary,siren_doppler,10,1,[],0,data/defense_dataset\noisy\cls1_siren_doppler_snr+10dB_clip01_0088.wav,data/defense_dataset\clean\cls1_siren_doppler_snr+10dB_clip01_0088.wav
cls1_siren_doppler_snr+10dB_clip02_0089,1,non_stationary,siren_doppler,10,2,[],0,data/defense_dataset\noisy\cls1_siren_doppler_snr+10dB_clip02_0089.wav,data/defense_dataset\clean\cls1_siren_doppler_snr+10dB_clip02_0089.wav
cls1_vehicle_rpm_ramp_snr-10dB_clip00_0090,1,non_stationary,vehicle_rpm_ramp,-10,0,[],0,data/defense_dataset\noisy\cls1_vehicle_rpm_ramp_snr-10dB_clip00_0090.wav,data/defense_dataset\clean\cls1_vehicle_rpm_ramp_snr-10dB_clip00_0090.wav
cls1_vehicle_rpm_ramp_snr-10dB_clip01_0091,1,non_stationary,vehicle_rpm_ramp,-10,1,[],0,data/defense_dataset\noisy\cls1_vehicle_rpm_ramp_snr-10dB_clip01_0091.wav,data/defense_dataset\clean\cls1_vehicle_rpm_ramp_snr-10dB_clip01_0091.wav
cls1_vehicle_rpm_ramp_snr-10dB_clip02_0092,1,non_stationary,vehicle_rpm_ramp,-10,2,[],0,data/defense_dataset\noisy\cls1_vehicle_rpm_ramp_snr-10dB_clip02_0092.wav,data/defense_dataset\clean\cls1_vehicle_rpm_ramp_snr-10dB_clip02_0092.wav
cls1_vehicle_rpm_ramp_snr-5dB_clip00_0093,1,non_stationary,vehicle_rpm_ramp,-5,0,[],0,data/defense_dataset\noisy\cls1_vehicle_rpm_ramp_snr-5dB_clip00_0093.wav,data/defense_dataset\clean\cls1_vehicle_rpm_ramp_snr-5dB_clip00_0093.wav
cls1_vehicle_rpm_ramp_snr-5dB_clip01_0094,1,non_stationary,vehicle_rpm_ramp,-5,1,[],0,data/defense_dataset\noisy\cls1_vehicle_rpm_ramp_snr-5dB_clip01_0094.wav,data/defense_dataset\clean\cls1_vehicle_rpm_ramp_snr-5dB_clip01_0094.wav
cls1_vehicle_rpm_ramp_snr-5dB_clip02_0095,1,non_stationary,vehicle_rpm_ramp,-5,2,[],0,data/defense_dataset\noisy\cls1_vehicle_rpm_ramp_snr-5dB_clip02_0095.wav,data/defense_dataset\clean\cls1_vehicle_rpm_ramp_snr-5dB_clip02_0095.wav
cls1_vehicle_rpm_ramp_snr+0dB_clip00_0096,1,non_stationary,vehicle_rpm_ramp,0,0,[],0,data/defense_dataset\noisy\cls1_vehicle_rpm_ramp_snr+0dB_clip00_0096.wav,data/defense_dataset\clean\cls1_vehicle_rpm_ramp_snr+0dB_clip00_0096.wav
cls1_vehicle_rpm_ramp_snr+0dB_clip01_0097,1,non_stationary,vehicle_rpm_ramp,0,1,[],0,data/defense_dataset\noisy\cls1_vehicle_rpm_ramp_snr+0dB_clip01_0097.wav,data/defense_dataset\clean\cls1_vehicle_rpm_ramp_snr+0dB_clip01_0097.wav
cls1_vehicle_rpm_ramp_snr+0dB_clip02_0098,1,non_stationary,vehicle_rpm_ramp,0,2,[],0,data/defense_dataset\noisy\cls1_vehicle_rpm_ramp_snr+0dB_clip02_0098.wav,data/defense_dataset\clean\cls1_vehicle_rpm_ramp_snr+0dB_clip02_0098.wav
cls1_vehicle_rpm_ramp_snr+5dB_clip00_0099,1,non_stationary,vehicle_rpm_ramp,5,0,[],0,data/defense_dataset\noisy\cls1_vehicle_rpm_ramp_snr+5dB_clip00_0099.wav,data/defense_dataset\clean\cls1_vehicle_rpm_ramp_snr+5dB_clip00_0099.wav
cls1_vehicle_rpm_ramp_snr+5dB_clip01_0100,1,non_stationary,vehicle_rpm_ramp,5,1,[],0,data/defense_dataset\noisy\cls1_vehicle_rpm_ramp_snr+5dB_clip01_0100.wav,data/defense_dataset\clean\cls1_vehicle_rpm_ramp_snr+5dB_clip01_0100.wav
cls1_vehicle_rpm_ramp_snr+5dB_clip02_0101,1,non_stationary,vehicle_rpm_ramp,5,2,[],0,data/defense_dataset\noisy\cls1_vehicle_rpm_ramp_snr+5dB_clip02_0101.wav,data/defense_dataset\clean\cls1_vehicle_rpm_ramp_snr+5dB_clip02_0101.wav
cls1_vehicle_rpm_ramp_snr+10dB_clip00_0102,1,non_stationary,vehicle_rpm_ramp,10,0,[],0,data/defense_dataset\noisy\cls1_vehicle_rpm_ramp_snr+10dB_clip00_0102.wav,data/defense_dataset\clean\cls1_vehicle_rpm_ramp_snr+10dB_clip00_0102.wav
cls1_vehicle_rpm_ramp_snr+10dB_clip01_0103,1,non_stationary,vehicle_rpm_ramp,10,1,[],0,data/defense_dataset\noisy\cls1_vehicle_rpm_ramp_snr+10dB_clip01_0103.wav,data/defense_dataset\clean\cls1_vehicle_rpm_ramp_snr+10dB_clip01_0103.wav
cls1_vehicle_rpm_ramp_snr+10dB_clip02_0104,1,non_stationary,vehicle_rpm_ramp,10,2,[],0,data/defense_dataset\noisy\cls1_vehicle_rpm_ramp_snr+10dB_clip02_0104.wav,data/defense_dataset\clean\cls1_vehicle_rpm_ramp_snr+10dB_clip02_0104.wav
cls2_rifle_shot_snr-10dB_clip00_0105,2,impulsive,rifle_shot,-10,0,[1.2348],1,data/defense_dataset\noisy\cls2_rifle_shot_snr-10dB_clip00_0105.wav,data/defense_dataset\clean\cls2_rifle_shot_snr-10dB_clip00_0105.wav
cls2_rifle_shot_snr-10dB_clip01_0106,2,impulsive,rifle_shot,-10,1,[0.5311],1,data/defense_dataset\noisy\cls2_rifle_shot_snr-10dB_clip01_0106.wav,data/defense_dataset\clean\cls2_rifle_shot_snr-10dB_clip01_0106.wav
cls2_rifle_shot_snr-10dB_clip02_0107,2,impulsive,rifle_shot,-10,2,[3.6485],1,data/defense_dataset\noisy\cls2_rifle_shot_snr-10dB_clip02_0107.wav,data/defense_dataset\clean\cls2_rifle_shot_snr-10dB_clip02_0107.wav
cls2_rifle_shot_snr-5dB_clip00_0108,2,impulsive,rifle_shot,-5,0,[1.4038],1,data/defense_dataset\noisy\cls2_rifle_shot_snr-5dB_clip00_0108.wav,data/defense_dataset\clean\cls2_rifle_shot_snr-5dB_clip00_0108.wav
cls2_rifle_shot_snr-5dB_clip01_0109,2,impulsive,rifle_shot,-5,1,[0.6546],1,data/defense_dataset\noisy\cls2_rifle_shot_snr-5dB_clip01_0109.wav,data/defense_dataset\clean\cls2_rifle_shot_snr-5dB_clip01_0109.wav
cls2_rifle_shot_snr-5dB_clip02_0110,2,impulsive,rifle_shot,-5,2,[0.227],1,data/defense_dataset\noisy\cls2_rifle_shot_snr-5dB_clip02_0110.wav,data/defense_dataset\clean\cls2_rifle_shot_snr-5dB_clip02_0110.wav
cls2_rifle_shot_snr+0dB_clip00_0111,2,impulsive,rifle_shot,0,0,[2.0986],1,data/defense_dataset\noisy\cls2_rifle_shot_snr+0dB_clip00_0111.wav,data/defense_dataset\clean\cls2_rifle_shot_snr+0dB_clip00_0111.wav
cls2_rifle_shot_snr+0dB_clip01_0112,2,impulsive,rifle_shot,0,1,[0.8807],1,data/defense_dataset\noisy\cls2_rifle_shot_snr+0dB_clip01_0112.wav,data/defense_dataset\clean\cls2_rifle_shot_snr+0dB_clip01_0112.wav
cls2_rifle_shot_snr+0dB_clip02_0113,2,impulsive,rifle_shot,0,2,[3.6413],1,data/defense_dataset\noisy\cls2_rifle_shot_snr+0dB_clip02_0113.wav,data/defense_dataset\clean\cls2_rifle_shot_snr+0dB_clip02_0113.wav
cls2_rifle_shot_snr+5dB_clip00_0114,2,impulsive,rifle_shot,5,0,[0.8573],1,data/defense_dataset\noisy\cls2_rifle_shot_snr+5dB_clip00_0114.wav,data/defense_dataset\clean\cls2_rifle_shot_snr+5dB_clip00_0114.wav
cls2_rifle_shot_snr+5dB_clip01_0115,2,impulsive,rifle_shot,5,1,[1.0885],1,data/defense_dataset\noisy\cls2_rifle_shot_snr+5dB_clip01_0115.wav,data/defense_dataset\clean\cls2_rifle_shot_snr+5dB_clip01_0115.wav
cls2_rifle_shot_snr+5dB_clip02_0116,2,impulsive,rifle_shot,5,2,[2.069],1,data/defense_dataset\noisy\cls2_rifle_shot_snr+5dB_clip02_0116.wav,data/defense_dataset\clean\cls2_rifle_shot_snr+5dB_clip02_0116.wav
cls2_rifle_shot_snr+10dB_clip00_0117,2,impulsive,rifle_shot,10,0,[3.4171],1,data/defense_dataset\noisy\cls2_rifle_shot_snr+10dB_clip00_0117.wav,data/defense_dataset\clean\cls2_rifle_shot_snr+10dB_clip00_0117.wav
cls2_rifle_shot_snr+10dB_clip01_0118,2,impulsive,rifle_shot,10,1,[1.442],1,data/defense_dataset\noisy\cls2_rifle_shot_snr+10dB_clip01_0118.wav,data/defense_dataset\clean\cls2_rifle_shot_snr+10dB_clip01_0118.wav
cls2_rifle_shot_snr+10dB_clip02_0119,2,impulsive,rifle_shot,10,2,[2.6564],1,data/defense_dataset\noisy\cls2_rifle_shot_snr+10dB_clip02_0119.wav,data/defense_dataset\clean\cls2_rifle_shot_snr+10dB_clip02_0119.wav
cls2_machinegun_burst_snr-10dB_clip00_0120,2,impulsive,machinegun_burst,-10,0,"[0.115, 0.215, 0.315, 0.415, 0.515]",5,data/defense_dataset\noisy\cls2_machinegun_burst_snr-10dB_clip00_0120.wav,data/defense_dataset\clean\cls2_machinegun_burst_snr-10dB_clip00_0120.wav
cls2_machinegun_burst_snr-10dB_clip01_0121,2,impulsive,machinegun_burst,-10,1,"[0.2536, 0.3536, 0.4536, 0.5536, 0.6536]",5,data/defense_dataset\noisy\cls2_machinegun_burst_snr-10dB_clip01_0121.wav,data/defense_dataset\clean\cls2_machinegun_burst_snr-10dB_clip01_0121.wav
cls2_machinegun_burst_snr-10dB_clip02_0122,2,impulsive,machinegun_burst,-10,2,"[0.4463, 0.5463, 0.6463, 0.7463, 0.8463]",5,data/defense_dataset\noisy\cls2_machinegun_burst_snr-10dB_clip02_0122.wav,data/defense_dataset\clean\cls2_machinegun_burst_snr-10dB_clip02_0122.wav
cls2_machinegun_burst_snr-5dB_clip00_0123,2,impulsive,machinegun_burst,-5,0,"[0.4455, 0.5455, 0.6455, 0.7455, 0.8455]",5,data/defense_dataset\noisy\cls2_machinegun_burst_snr-5dB_clip00_0123.wav,data/defense_dataset\clean\cls2_machinegun_burst_snr-5dB_clip00_0123.wav
cls2_machinegun_burst_snr-5dB_clip01_0124,2,impulsive,machinegun_burst,-5,1,"[0.1701, 0.2701, 0.3701, 0.4701, 0.5701]",5,data/defense_dataset\noisy\cls2_machinegun_burst_snr-5dB_clip01_0124.wav,data/defense_dataset\clean\cls2_machinegun_burst_snr-5dB_clip01_0124.wav
cls2_machinegun_burst_snr-5dB_clip02_0125,2,impulsive,machinegun_burst,-5,2,"[0.2587, 0.3587, 0.4587, 0.5587, 0.6587]",5,data/defense_dataset\noisy\cls2_machinegun_burst_snr-5dB_clip02_0125.wav,data/defense_dataset\clean\cls2_machinegun_burst_snr-5dB_clip02_0125.wav
cls2_machinegun_burst_snr+0dB_clip00_0126,2,impulsive,machinegun_burst,0,0,"[0.3352, 0.4352, 0.5352, 0.6352, 0.7352]",5,data/defense_dataset\noisy\cls2_machinegun_burst_snr+0dB_clip00_0126.wav,data/defense_dataset\clean\cls2_machinegun_burst_snr+0dB_clip00_0126.wav
cls2_machinegun_burst_snr+0dB_clip01_0127,2,impulsive,machinegun_burst,0,1,"[0.1836, 0.2836, 0.3836, 0.4836, 0.5836]",5,data/defense_dataset\noisy\cls2_machinegun_burst_snr+0dB_clip01_0127.wav,data/defense_dataset\clean\cls2_machinegun_burst_snr+0dB_clip01_0127.wav
cls2_machinegun_burst_snr+0dB_clip02_0128,2,impulsive,machinegun_burst,0,2,"[0.4877, 0.5877, 0.6877, 0.7877, 0.8877]",5,data/defense_dataset\noisy\cls2_machinegun_burst_snr+0dB_clip02_0128.wav,data/defense_dataset\clean\cls2_machinegun_burst_snr+0dB_clip02_0128.wav
cls2_machinegun_burst_snr+5dB_clip00_0129,2,impulsive,machinegun_burst,5,0,"[0.2534, 0.3534, 0.4534, 0.5534, 0.6534]",5,data/defense_dataset\noisy\cls2_machinegun_burst_snr+5dB_clip00_0129.wav,data/defense_dataset\clean\cls2_machinegun_burst_snr+5dB_clip00_0129.wav
cls2_machinegun_burst_snr+5dB_clip01_0130,2,impulsive,machinegun_burst,5,1,"[0.3228, 0.4228, 0.5228, 0.6228, 0.7228]",5,data/defense_dataset\noisy\cls2_machinegun_burst_snr+5dB_clip01_0130.wav,data/defense_dataset\clean\cls2_machinegun_burst_snr+5dB_clip01_0130.wav
cls2_machinegun_burst_snr+5dB_clip02_0131,2,impulsive,machinegun_burst,5,2,"[0.2688, 0.3688, 0.4688, 0.5688, 0.6688]",5,data/defense_dataset\noisy\cls2_machinegun_burst_snr+5dB_clip02_0131.wav,data/defense_dataset\clean\cls2_machinegun_burst_snr+5dB_clip02_0131.wav
cls2_machinegun_burst_snr+10dB_clip00_0132,2,impulsive,machinegun_burst,10,0,"[0.4391, 0.5391, 0.6391, 0.7391, 0.8391]",5,data/defense_dataset\noisy\cls2_machinegun_burst_snr+10dB_clip00_0132.wav,data/defense_dataset\clean\cls2_machinegun_burst_snr+10dB_clip00_0132.wav
cls2_machinegun_burst_snr+10dB_clip01_0133,2,impulsive,machinegun_burst,10,1,"[0.1351, 0.2351, 0.3351, 0.4351, 0.5351]",5,data/defense_dataset\noisy\cls2_machinegun_burst_snr+10dB_clip01_0133.wav,data/defense_dataset\clean\cls2_machinegun_burst_snr+10dB_clip01_0133.wav
cls2_machinegun_burst_snr+10dB_clip02_0134,2,impulsive,machinegun_burst,10,2,"[0.1163, 0.2163, 0.3163, 0.4163, 0.5163]",5,data/defense_dataset\noisy\cls2_machinegun_burst_snr+10dB_clip02_0134.wav,data/defense_dataset\clean\cls2_machinegun_burst_snr+10dB_clip02_0134.wav
cls2_mortar_blast_snr-10dB_clip00_0135,2,impulsive,mortar_blast,-10,0,[0.6245],1,data/defense_dataset\noisy\cls2_mortar_blast_snr-10dB_clip00_0135.wav,data/defense_dataset\clean\cls2_mortar_blast_snr-10dB_clip00_0135.wav
cls2_mortar_blast_snr-10dB_clip01_0136,2,impulsive,mortar_blast,-10,1,[0.7943],1,data/defense_dataset\noisy\cls2_mortar_blast_snr-10dB_clip01_0136.wav,data/defense_dataset\clean\cls2_mortar_blast_snr-10dB_clip01_0136.wav
cls2_mortar_blast_snr-10dB_clip02_0137,2,impulsive,mortar_blast,-10,2,[0.7574],1,data/defense_dataset\noisy\cls2_mortar_blast_snr-10dB_clip02_0137.wav,data/defense_dataset\clean\cls2_mortar_blast_snr-10dB_clip02_0137.wav
cls2_mortar_blast_snr-5dB_clip00_0138,2,impulsive,mortar_blast,-5,0,[0.984],1,data/defense_dataset\noisy\cls2_mortar_blast_snr-5dB_clip00_0138.wav,data/defense_dataset\clean\cls2_mortar_blast_snr-5dB_clip00_0138.wav
cls2_mortar_blast_snr-5dB_clip01_0139,2,impulsive,mortar_blast,-5,1,[0.5569],1,data/defense_dataset\noisy\cls2_mortar_blast_snr-5dB_clip01_0139.wav,data/defense_dataset\clean\cls2_mortar_blast_snr-5dB_clip01_0139.wav
cls2_mortar_blast_snr-5dB_clip02_0140,2,impulsive,mortar_blast,-5,2,[0.3185],1,data/defense_dataset\noisy\cls2_mortar_blast_snr-5dB_clip02_0140.wav,data/defense_dataset\clean\cls2_mortar_blast_snr-5dB_clip02_0140.wav
cls2_mortar_blast_snr+0dB_clip00_0141,2,impulsive,mortar_blast,0,0,[0.5894],1,data/defense_dataset\noisy\cls2_mortar_blast_snr+0dB_clip00_0141.wav,data/defense_dataset\clean\cls2_mortar_blast_snr+0dB_clip00_0141.wav
cls2_mortar_blast_snr+0dB_clip01_0142,2,impulsive,mortar_blast,0,1,[0.7509],1,data/defense_dataset\noisy\cls2_mortar_blast_snr+0dB_clip01_0142.wav,data/defense_dataset\clean\cls2_mortar_blast_snr+0dB_clip01_0142.wav
cls2_mortar_blast_snr+0dB_clip02_0143,2,impulsive,mortar_blast,0,2,[1.0506],1,data/defense_dataset\noisy\cls2_mortar_blast_snr+0dB_clip02_0143.wav,data/defense_dataset\clean\cls2_mortar_blast_snr+0dB_clip02_0143.wav
cls2_mortar_blast_snr+5dB_clip00_0144,2,impulsive,mortar_blast,5,0,[0.678],1,data/defense_dataset\noisy\cls2_mortar_blast_snr+5dB_clip00_0144.wav,data/defense_dataset\clean\cls2_mortar_blast_snr+5dB_clip00_0144.wav
cls2_mortar_blast_snr+5dB_clip01_0145,2,impulsive,mortar_blast,5,1,[0.5791],1,data/defense_dataset\noisy\cls2_mortar_blast_snr+5dB_clip01_0145.wav,data/defense_dataset\clean\cls2_mortar_blast_snr+5dB_clip01_0145.wav
cls2_mortar_blast_snr+5dB_clip02_0146,2,impulsive,mortar_blast,5,2,[1.1008],1,data/defense_dataset\noisy\cls2_mortar_blast_snr+5dB_clip02_0146.wav,data/defense_dataset\clean\cls2_mortar_blast_snr+5dB_clip02_0146.wav
cls2_mortar_blast_snr+10dB_clip00_0147,2,impulsive,mortar_blast,10,0,[0.8717],1,data/defense_dataset\noisy\cls2_mortar_blast_snr+10dB_clip00_0147.wav,data/defense_dataset\clean\cls2_mortar_blast_snr+10dB_clip00_0147.wav
cls2_mortar_blast_snr+10dB_clip01_0148,2,impulsive,mortar_blast,10,1,[0.8647],1,data/defense_dataset\noisy\cls2_mortar_blast_snr+10dB_clip01_0148.wav,data/defense_dataset\clean\cls2_mortar_blast_snr+10dB_clip01_0148.wav
cls2_mortar_blast_snr+10dB_clip02_0149,2,impulsive,mortar_blast,10,2,[1.1537],1,data/defense_dataset\noisy\cls2_mortar_blast_snr+10dB_clip02_0149.wav,data/defense_dataset\clean\cls2_mortar_blast_snr+10dB_clip02_0149.wav
